{
  "project_info": {
    "project_number": "592811080295",
    "firebase_url": "https://blooddonate-2d2a3.firebaseio.com",
    "project_id": "blooddonate-2d2a3",
    "storage_bucket": "blooddonate-2d2a3.appspot.com"
  },
  "client": [
    {
      "client_info": {
        "mobilesdk_app_id": "1:592811080295:android:cd6d2625943362f1afb2c2",
        "android_client_info": {
          "package_name": "com.example.blooddonate"
        }
      },
      "oauth_client": [
        {
          "client_id": "592811080295-uj7f7126l7valsl9s3od2dr27livg48n.apps.googleusercontent.com",
          "client_type": 1,
          "android_info": {
            "package_name": "com.e(xample.blooddonate",
            "certificate_hash": "3b7ba8aec20ca1d3e6fcc3674a49d5f69b221216"
          }
        },
        {
          "client_id": "592811080295-uo7hirqamenlb32r40lr025mr3mjruv9.apps.googleusercontent.com",
          "client_type": 1,
          "android_info": {
            "package_name": "com.example.blooddonate",
            "certificate_hash": "4e773cba02fafc80b020dd9bdb50c15ceb97585b"
          }
        },
        {
          "client_id": "592811080295-gus44o3pkquq7i14sfdn5h6o69btfijf.apps.googleusercontent.com",
          "client_type": 3
        }
      ],
      "api_key": [
        {
          "current_key": "AIzaSyBvtiYqEeH-eFCRaws5-M60vBNHm3__nRg"
        }
      ],
      "services": {
        "appinvite_service": {
          "other_platform_oauth_client": [
            {
              "client_id": "592811080295-gus44o3pkquq7i14sfdn5h6o69btfijf.apps.googleusercontent.com",
              "client_type": 3
            }
          ]
        }
      }
    },
    {
      "client_info": {
        "mobilesdk_app_id": "1:592811080295:android:40c2b43b59ccaf80afb2c2",
        "android_client_info": {
          "package_name": "com.rclick.proplayerwar"
        }
      },
      "oauth_client": [
        {
          "client_id": "592811080295-1ni6jppeksrlc3s7qj8mb3kivf26mor6.apps.googleusercontent.com",
          "client_type": 1,
          "android_info": {
            "package_name": "com.rclick.proplayerwar",
            "certificate_hash": "9738a7fb38eae95ac4b94fd62c9b43acb5cbb014"
          }
        },
        {
          "client_id": "592811080295-7hm98v18kiu1de7onpujaruev3jct2jv.apps.googleusercontent.com",
          "client_type": 1,
          "android_info": {
            "package_name": "com.rclick.proplayerwar",
            "certificate_hash": "615c69731e241ce52f62cf38986c94dc178a2d7f"
          }
        },
        {
          "client_id": "592811080295-jkp0oq61q00iah7ded5pfncifrp76bse.apps.googleusercontent.com",
          "client_type": 1,
          "android_info": {
            "package_name": "com.rclick.proplayerwar",
            "certificate_hash": "34ea67758b633cfc98acfa81e5982bfee690c9da"
          }
        },
        {
          "client_id": "592811080295-o07r11lnpjduuv2fuc0hoa55dr3rthuk.apps.googleusercontent.com",
          "client_type": 1,
          "android_info": {
            "package_name": "com.rclick.proplayerwar",
            "certificate_hash": "4e773cba02fafc80b020dd9bdb50c15ceb97585b"
          }
        },
        {
          "client_id": "592811080295-t8eqo8gv0u5b3b3c9mmpgd1vuibhbn49.apps.googleusercontent.com",
          "client_type": 1,
          "android_info": {
            "package_name": "com.rclick.proplayerwar",
            "certificate_hash": "3b7ba8aec20ca1d3e6fcc3674a49d5f69b221216"
          }
        },
        {
          "client_id": "592811080295-tv16b9t4vc5mphjv2osp0hms4m9qiiqt.apps.googleusercontent.com",
          "client_type": 1,
          "android_info": {
            "package_name": "com.rclick.proplayerwar",
            "certificate_hash": "95160d192594099a52fc84a74ef94613941f2d78"
          }
        },
        {
          "client_id": "592811080295-gus44o3pkquq7i14sfdn5h6o69btfijf.apps.googleusercontent.com",
          "client_type": 3
        }
      ],
      "api_key": [
        {
          "current_key": "AIzaSyBvtiYqEeH-eFCRaws5-M60vBNHm3__nRg"
        }
      ],
      "services": {
        "appinvite_service": {
          "other_platform_oauth_client": [
            {
              "client_id": "592811080295-gus44o3pkquq7i14sfdn5h6o69btfijf.apps.googleusercontent.com",
              "client_type": 3
            }
          ]
        }
      }
    }
  ],
  "configuration_version": "1"
}